{"accuracy": 94.22572178477691, "f1_score": 0.9501133786848073, "roc_auc": 0.9541425113975349}