{"accuracy": 94.35695538057742, "f1_score": 0.95152198421646, "roc_auc": 0.9394664265210784}