{"accuracy": 87.66404199475065, "f1_score": 0.8984881209503239, "roc_auc": 0.9088760060786851}