{"accuracy": 77.03412073490814, "f1_score": 0.8275862068965517, "roc_auc": 0.8276685709461361}